"Russell,Direccion1,(496) 838-1397,consequat@necmetus.com,23694889,Operador,Henson"
"Jin,direccion2,(811) 487-5079,sodales@DonecfringillaDonec.net,21632273,Supervisor,Mack"
"August,mi casa,(960) 490-3521,magnis.dis.parturient@bibendumullamcorper.ca,9827817,Operador2,Levine"
"Jermaine,envigado,(513) 480-2465,ullamcorper.eu@sed.ca,30898661,CallCenter,Fleming"
"Malcolm,medellin,(102) 528-1187,nulla.Cras@Praesentinterdumligula.com,49948151,Operador,Guzman"
"Kasimir,bello,(429) 830-6975,Ut.semper@ultricesposuere.net,36205759,Supervisor,Bates"
"Lionel,niquia,(705) 703-6792,nisi@doloregestasrhoncus.edu,21590069,Operador2,Mcmahon"
"August,la estrella,(928) 169-3501,turpis.Nulla@posuere.com,34375881,CallCenter,Monroe"
"Howard,Direccion1,(252) 114-3827,vitae.posuere@ipsumcursusvestibulum.org,38066760,Operador,Leon"
"Brody,direccion2,(800) 135-2603,magna.sed.dui@utodiovel.net,36632211,Supervisor,Cervantes"
"Xander,mi casa,(537) 675-1254,semper@eutemporerat.ca,28271251,Operador2,Woods"
"Simon,envigado,(890) 766-9481,In@Sedid.ca,12982084,CallCenter,Everett"
"Drake,medellin,(945) 467-1989,sit.amet.lorem@Etiam.net,8001153,Operador,Lambert"
"Marsden,bello,(505) 415-9121,elit.Curabitur@etmagnis.com,19440546,Supervisor,Sampson"
"Hayden,niquia,(624) 324-9036,congue@vitae.ca,42835910,Operador2,Delgado"
"Brennan,la estrella,(497) 807-9964,neque.In.ornare@diam.net,34529793,CallCenter,Reilly"
"Octavius,Direccion1,(351) 743-1663,quis.tristique@vel.ca,14320627,Operador,Osborne"
"Ulric,direccion2,(743) 429-0384,ante@accumsan.net,19713519,Supervisor,Greer"
"Porter,mi casa,(163) 680-1835,luctus.vulputate@pharetrautpharetra.com,8912060,Operador2,Mooney"
"Emmanuel,envigado,(517) 866-2311,orci.Ut@euaccumsan.edu,23511126,CallCenter,Mercado"
"Ian,medellin,(992) 889-3108,neque.vitae.semper@enimdiam.com,16304738,Operador,Cunningham"
"Keane,bello,(667) 496-3661,semper.pretium.neque@ami.edu,23640960,Supervisor,Payne"
"Barclay,niquia,(336) 325-1510,Phasellus.at.augue@adipiscingelit.org,23723257,Operador2,Finley"
"Dieter,la estrella,(128) 868-4779,at@liberomaurisaliquam.co.uk,41248417,CallCenter,Flowers"
"Raphael,Direccion1,(223) 880-2020,et.magnis@Craseutellus.com,19137016,Operador,Mack"
"Zeus,direccion2,(359) 414-3556,lacus.Quisque@lectus.edu,5600665,Supervisor,Pennington2"
"Gary,mi casa,(413) 424-8039,dolor.sit@Suspendisse.ca,5572270,Operador2,Villarreal"
"Uriel,envigado,(819) 957-6052,tincidunt.pede@atrisus.org,18734862,CallCenter,Osborn"
"Brenden,medellin,(457) 125-9349,Mauris.molestie.pharetra@mauris.co.uk,49421573,Operador,Hanson"
"Brock,bello,(398) 858-9581,eget@Praesent.edu,12199260,Supervisor,Owen"
"Lev,niquia,(809) 793-2749,massa@Curabiturconsequatlectus.net,42691187,Operador2,Bartlett"
"Merritt,la estrella,(252) 619-2370,malesuada.vel.venenatis@infelis.ca,28814742,CallCenter,Phelps"
"Bert,Direccion1,(358) 662-4677,id.magna.et@Phasellusin.co.uk,49543662,Operador,Avila"
"Daquan,direccion2,(707) 168-0099,non@accumsanconvallis.org,7630560,Supervisor,Dominguez"
"Judah,mi casa,(836) 990-3863,velit.Quisque@egestas.com,26096010,Operador2,Jenkins"
"Trevor,envigado,(934) 785-6230,est@erosturpis.org,20366724,CallCenter,Carpenter"
"Nissim,medellin,(101) 572-5823,ligula@auctornonfeugiat.edu,25022143,Operador,Preston"
"Mohammad,bello,(989) 141-6341,gravida.nunc@metus.ca,20687083,Supervisor,Berger"
"Patrick,niquia,(149) 255-2731,est.congue.a@liberonec.ca,39558762,Operador2,Clay"
"Giacomo,la estrella,(529) 706-0654,Sed@suscipit.ca,36706572,CallCenter,Snyder"
"Valentine,Direccion1,(628) 752-6475,ac.libero@aliquam.org,16264251,Operador,Tyler"
"August,direccion2,(498) 425-2150,nec.tempus@iaculisenimsit.com,19535035,Supervisor,Dodson"
"Philip,mi casa,(859) 608-2368,pede@odioNaminterdum.edu,29302442,Operador2,Alvarado"
"Tarik,envigado,(434) 249-4521,metus.vitae.velit@dis.edu,18686322,CallCenter,Everett"
"Seth,medellin,(577) 371-6935,neque@metusInlorem.edu,44445195,Operador,Schultz"
"Leonard,bello,(968) 927-2619,lorem@Vivamus.co.uk,35021082,Supervisor,Bowen"
"Amos,niquia,(475) 362-0105,bibendum@loremvitae.com,42488087,Operador2,Mayo"
"Dolan,la estrella,(654) 313-1289,convallis@vel.net,21285889,CallCenter,Peterson"
"Fritz,Direccion1,(331) 887-8446,Sed.nulla@interdumfeugiat.edu,24871407,Operador,Dejesus"
"Patrick,direccion2,(997) 967-4137,Vivamus@adipiscingMauris.org,37606643,Supervisor,Watkins"
"Lane,mi casa,(653) 944-3337,non.luctus.sit@famesacturpis.edu,50567407,Operador2,Lambert"
"Hall,envigado,(984) 387-5336,lorem.eu@nonummyac.edu,18716425,CallCenter,Barber"
"Merritt,medellin,(800) 244-8979,tincidunt@Curabitur.com,27510616,Operador,Cooper"
"Allistair,bello,(753) 939-0839,non.massa@turpis.co.uk,13240301,Supervisor,Perkins"
"Declan,niquia,(315) 743-6444,rutrum.eu.ultrices@quisaccumsan.edu,34774621,Operador2,Zamora"
"Erasmus,la estrella,(224) 404-2901,at.pede.Cras@consectetueradipiscingelit.org,7872406,CallCenter,Nunez"
"Alfonso,Direccion1,(708) 356-1573,a@lectus.ca,50186043,Operador,Hooper"
"Lawrence,direccion2,(858) 396-8130,ipsum.dolor.sit@sitametdapibus.com,6126328,Supervisor,Sanchez"
"Aristotle,mi casa,(710) 793-5367,amet@luctusvulputatenisi.org,30528368,Operador2,Vaughn"
"Edan,envigado,(248) 556-3543,eleifend.nec@ligula.co.uk,9695288,CallCenter,Langley"
"Robert,medellin,(428) 373-8577,ligula.elit@nascetur.org,14470921,Operador,Gardner"
"Ray,bello,(508) 885-9720,metus.In.nec@dapibusquam.net,19812199,Supervisor,Baird"
"Wesley,niquia,(935) 567-9481,Proin@ametultriciessem.com,20729580,Operador2,Boyle"
"George,la estrella,(122) 921-4221,in.faucibus@nisi.com,9787384,CallCenter,Ford"
"Lester,Direccion1,(430) 318-9067,erat@justo.co.uk,32107299,Operador,Ray"
"Wade,direccion2,(912) 771-4429,Vivamus@purus.edu,21159681,Supervisor,Salinas"
"Isaiah,mi casa,(512) 834-8127,ac.nulla.In@euismodest.com,9095581,Operador2,Carrillo"
"Judah,envigado,(780) 525-1510,est.mauris@Suspendisseac.net,16233704,CallCenter,Kirby"
"Bruno,medellin,(646) 525-7923,et.rutrum@scelerisque.edu,50718149,Operador,Gardner"
"Wing,bello,(642) 883-8087,et.ultrices@laoreet.ca,22669762,Supervisor,Holland"
"Carl,niquia,(316) 571-6621,sed@magnamalesuadavel.com,27375800,Operador2,Tillman"
"Kuame,la estrella,(527) 361-2918,imperdiet.dictum@Maurisnon.com,41932083,CallCenter,Bernard"
"Xenos,Direccion1,(246) 191-8723,non@magna.co.uk,22974110,Operador,Ray"
"Zeph,direccion2,(650) 555-5066,ac@necurna.org,18318009,Supervisor,Reilly"
"Brendan,mi casa,(803) 411-6787,molestie.pharetra.nibh@nasceturridiculusmus.com,19905951,Operador2,Bauer"
"Finn,envigado,(866) 465-1382,et.nunc.Quisque@turpisAliquamadipiscing.edu,38565923,CallCenter,Vaughan"
"Richard,medellin,(222) 870-5549,interdum@semper.net,48270287,Operador,Mack"
"Timothy,bello,(899) 464-9194,ante.ipsum@blanditcongue.edu,35988135,Supervisor,Burke"
"Barry,niquia,(924) 977-2641,elit.pellentesque@anteipsumprimis.net,16860502,Operador2,Tyler"
"Laith,la estrella,(409) 647-6714,lobortis.ultrices.Vivamus@pharetrased.co.uk,7260576,CallCenter,Lamb"
"Ashton,Direccion1,(736) 967-0178,tellus.sem@nequevenenatis.net,43379916,Operador,Case"
"Gregory,direccion2,(842) 313-7034,adipiscing.lacus.Ut@nequepellentesque.co.uk,17216687,Supervisor,Collins"
"Abraham,mi casa,(449) 461-0367,nulla.vulputate.dui@sapien.net,34824090,Operador2,Mann"
"Phillip,envigado,(298) 722-4106,porttitor@in.org,16143130,CallCenter,Herring"
"Leroy,medellin,(170) 471-2195,eget.lacus@gravidaAliquamtincidunt.net,24973534,Operador,Haney"
"Vance,bello,(509) 644-3099,neque.vitae.semper@sagittislobortismauris.edu,37509879,Supervisor,Schultz"
"Ezra,niquia,(200) 931-3459,molestie.pharetra@orci.co.uk,8673305,Operador2,Fisher"
"Lawrence,la estrella,(154) 800-3924,magna.Suspendisse.tristique@Nunc.ca,5598442,CallCenter,Kidd"
"Alfonso,Direccion1,(189) 231-1551,nec.quam@cursusluctus.edu,9389855,Operador,Hutchinson"
"Walter,direccion2,(208) 629-4668,adipiscing.lobortis.risus@diam.edu,40243921,Supervisor,Berger"
"Neil,mi casa,(501) 660-0226,Pellentesque.ultricies.dignissim@Sedet.net,39391572,Operador2,Hebert"
"Silas,envigado,(844) 370-0733,ligula.Aliquam.erat@Sed.com,11374608,CallCenter,Chaney"
"Orson,medellin,(753) 671-5313,a@erosnonenim.edu,26505291,Operador,Hayden"
"Lucius,bello,(195) 236-8286,nec@Sedeunibh.edu,18494751,Supervisor,Coleman"
"Bruce,niquia,(866) 273-9920,risus.Donec@rutrumFuscedolor.net,37199001,Operador2,Bryan"
"Christian,la estrella,(355) 116-1350,Fusce.fermentum.fermentum@velitegestaslacinia.net,15578982,CallCenter,Hawkins"
"Leonard,Direccion1,(212) 105-4993,tellus@Integertincidunt.org,35162581,Operador,Tanner"
"Phillip,direccion2,(996) 407-9388,ligula.Aliquam@mollisPhaselluslibero.co.uk,50749359,Supervisor,Owens"
"Gannon,mi casa,(528) 190-8629,dictum.mi.ac@ridiculusmus.edu,47917369,Operador2,Gregory"
"Igor,envigado,(510) 376-7093,est.ac@Sed.net,31351422,CallCenter,Lyons"
"Vincent,Direccion1,(977) 679-0184,cursus@Aliquameratvolutpat.org,25255232,Operador,Pace"
"Arden,direccion2,(383) 852-7927,Maecenas.iaculis@quis.edu,13460992,Supervisor,Goff"
"Elmo,mi casa,(469) 568-2627,Etiam@Curabituregestasnunc.ca,39657450,Operador2,Rasmussen"
"Daquan,envigado,(185) 362-7450,eu@euodioPhasellus.net,43222541,CallCenter,Keith"
"Tobias,medellin,(669) 710-8587,ultricies@gravida.edu,47040639,Operador,Lee"
"Maxwell,bello,(942) 956-1904,elit@Donecdignissim.org,19443077,Supervisor,Gilmore"
"Carson,niquia,(999) 103-0454,Aliquam.tincidunt.nunc@dictumProineget.net,15310530,Operador2,Baxter"
"Jameson,la estrella,(624) 571-0261,Cum.sociis.natoque@dapibusligula.ca,22208913,CallCenter,Pope"
"Ali,Direccion1,(399) 399-6613,vitae@sitametmassa.co.uk,18893685,Operador,Erickson"
"Lucius,direccion2,(753) 227-1630,sed.dolor.Fusce@nibhenimgravida.com,18763946,Supervisor,Lucas"
"Lev,mi casa,(198) 176-0379,Pellentesque.ultricies.dignissim@semper.net,11796004,Operador2,Quinn"
"Martin,envigado,(271) 559-8976,diam.nunc.ullamcorper@laciniaorciconsectetuer.co.uk,29618554,CallCenter,Frye"
"Scott,medellin,(267) 967-2900,Donec.tempor.est@malesuada.net,49328164,Operador,Estes"
"Ferdinand,bello,(135) 868-5790,Cras@euerat.ca,17726716,Supervisor,Lester"
"Wyatt,niquia,(728) 114-3933,dolor.dolor@malesuadamalesuada.net,46883243,Operador2,George"
"Gary,la estrella,(291) 241-7824,erat@etmagnis.edu,36707271,CallCenter,Battle"
"Alden,Direccion1,(720) 969-2709,adipiscing.fringilla.porttitor@facilisisvitae.net,38397582,Operador,Gordon"
"Barry,direccion2,(286) 483-3244,pharetra@quamafelis.edu,19380712,Supervisor,Allison"
"Benedict,mi casa,(876) 642-1531,Donec@necimperdiet.org,13085306,Operador2,Bradley"
"Hilel,envigado,(135) 835-2286,Duis.volutpat.nunc@condimentumDonecat.ca,38604339,CallCenter,Harding"
"Rooney,medellin,(344) 305-1220,dolor.sit@loremtristique.org,25969340,Operador,Hart"
"Silas,bello,(421) 333-6315,Nunc.laoreet.lectus@idsapienCras.com,12378187,Supervisor,Carlson"
"Erasmus,niquia,(463) 573-3817,euismod.mauris@sit.net,13006838,Operador2,Thompson"
"Ciaran,la estrella,(634) 975-7381,condimentum.eget@Pellentesqueut.co.uk,42598985,CallCenter,Chandler"
"Castor,Direccion1,(195) 440-2066,ultrices.iaculis@purusaccumsaninterdum.net,12602046,Operador,Good"
"Jameson,direccion2,(907) 790-1140,ut.cursus@lacusQuisque.net,24132444,Supervisor,Bray"
"Burton,mi casa,(956) 607-3726,at@fringillaporttitor.net,24434476,Operador2,Savage"
"Fulton,envigado,(595) 438-8999,euismod@auctor.com,15394044,CallCenter,Bartlett"
"Victor,medellin,(302) 204-9971,Pellentesque.habitant.morbi@malesuada.com,12120939,Operador,Terrell"
"Charles,bello,(914) 192-5907,tristique.pellentesque.tellus@adipiscingenim.edu,44284411,Supervisor,Stevens"
"Zane,niquia,(222) 808-8416,Donec@atarcu.org,35291148,Operador2,Morris"
"Randall,la estrella,(891) 279-2777,posuere@vulputate.org,26474311,CallCenter,Madden"
"Dillon,Direccion1,(296) 794-4721,in.felis.Nulla@velquam.edu,18864994,Operador,Wong"
"Louis,direccion2,(291) 517-1070,gravida@porttitor.net,16015547,Supervisor,Tucker"
"Lawrence,mi casa,(964) 242-0496,eget.tincidunt.dui@laoreetliberoet.co.uk,42272534,Operador2,Mathews"
"Stone,envigado,(446) 739-6612,leo@sem.org,29750184,CallCenter,Michael"
"Patrick,medellin,(503) 513-9695,sed@necurna.com,16508109,Operador,Kirkland"
"Lewis,bello,(878) 527-2863,sociis.natoque@molestiearcu.ca,26010319,Supervisor,Joseph"
"Stewart,niquia,(738) 326-0068,nisi.a.odio@Suspendisse.net,13327636,Operador2,Mayer"
"Brady,la estrella,(657) 439-6800,elit@enim.co.uk,41455986,CallCenter,Lucas"
"Burke,Direccion1,(198) 139-4643,et.rutrum.non@augueSedmolestie.com,11403162,Operador,Joyner"
"Kaseem,direccion2,(667) 992-7298,nec.urna@nislelementumpurus.com,46016747,Supervisor,Curry"
"Vincent,mi casa,(309) 141-0834,malesuada@cursusinhendrerit.ca,44054329,Operador2,Mendez"
"Graham,envigado,(831) 707-3407,dui.nec@seddolor.org,49756813,CallCenter,Goodwin"
"Travis,medellin,(988) 554-3613,risus@nascetur.org,11423344,Operador,Cruz"
"Neil,bello,(241) 698-0051,pede.sagittis.augue@Integerurna.com,30055199,Supervisor,Ortiz"
"Stone,niquia,(511) 609-7211,nunc.est@felis.ca,29595622,Operador2,Justice"
"Xanthus,la estrella,(678) 195-9092,Suspendisse.commodo@NullafacilisisSuspendisse.ca,16902368,CallCenter,Nolan"
"Sebastian,Direccion1,(688) 734-0864,fames.ac.turpis@sitametfaucibus.edu,50068702,Operador,Rocha"
"Kuame,direccion2,(783) 895-8041,diam@ipsum.net,13265498,Supervisor,Gill"
"Kelly,mi casa,(723) 183-6427,dolor.sit@arcuVestibulum.edu,22524511,Operador2,Dominguez"
"Castor,envigado,(182) 566-8808,egestas.ligula@justonec.ca,49715945,CallCenter,Jackson"
"Colby,medellin,(210) 659-1165,metus.sit@morbitristique.com,47335123,Operador,Pugh"
"Robert,bello,(522) 974-9616,diam.lorem.auctor@temporest.co.uk,44842192,Supervisor,Morrow"
"Bert,niquia,(925) 396-0163,Nullam@amet.org,28063677,Operador2,Cole"
"Colt,la estrella,(274) 481-6943,pellentesque@amet.com,14210363,CallCenter,Hood"
"Moses,Direccion1,(201) 383-9247,magna@metusVivamus.org,22048297,Operador,Goodwin"
"Yardley,direccion2,(504) 880-1311,feugiat.non.lobortis@elitCurabitur.ca,46923906,Supervisor,Stokes"
"Jordan,mi casa,(210) 131-8817,mi.fringilla@mattis.net,7997991,Operador2,Bell"
"Gil,envigado,(751) 708-0178,turpis.In@Nuncpulvinararcu.edu,16285202,CallCenter,Newton"
"Stone,medellin,(633) 628-8684,dolor.Quisque.tincidunt@molestieorcitincidunt.net,40928617,Operador,Moody"
"Cyrus,bello,(455) 384-8212,neque.pellentesque.massa@parturient.ca,12661798,Supervisor,Ruiz"
"Jakeem,niquia,(141) 697-9222,vitae.mauris.sit@magnaCrasconvallis.net,21129036,Operador2,Potter"
"Nasim,la estrella,(847) 573-5534,ac@augueut.org,30064128,CallCenter,Day"
"Cyrus,Direccion1,(982) 449-9215,ipsum.leo@tincidunt.net,23342666,Operador,Melendez"
"Chase,direccion2,(108) 635-7394,consequat.enim@id.ca,16120131,Supervisor,Kaufman"
"Abdul,mi casa,(420) 212-3358,lacus.Nulla.tincidunt@consectetueripsumnunc.ca,50747855,Operador2,Barr"
"Owen,envigado,(820) 161-3270,aliquet.vel@atlibero.co.uk,24188674,CallCenter,Sampson"
"Zachary,medellin,(279) 614-5141,quis.massa@atpede.net,41195997,Operador,Emerson"
"Demetrius,bello,(632) 342-2983,sit@acurna.co.uk,22270083,Supervisor,Diaz"
"Vaughan,niquia,(538) 333-0011,quis.urna@gravida.edu,36291649,Operador2,Padilla"
"Christian,la estrella,(580) 544-1091,mi.pede@massaInteger.com,46676068,CallCenter,Harris"
"Abbot,Direccion1,(246) 555-0039,nibh.lacinia.orci@metus.edu,29441151,Operador,Haynes"
"Damian,direccion2,(164) 980-4490,ornare@nuncsit.org,27539816,Supervisor,Dillon"
"Laith,mi casa,(794) 542-2523,non@semmagnanec.edu,45083126,Operador2,Williamson"
"Oren,envigado,(699) 495-7430,molestie.pharetra.nibh@metus.net,36186797,CallCenter,Porter"
"Amos,medellin,(972) 177-9930,iaculis@auctorveliteget.co.uk,47524719,Operador,Burt"
"Slade,bello,(287) 928-5729,sit.amet.consectetuer@Nullam.edu,15664068,Supervisor,Robinson"
"Colby,niquia,(565) 314-0343,lobortis@varius.edu,5307738,Operador2,Pena"
"Quamar,la estrella,(634) 430-0054,pretium.neque.Morbi@Nullatempor.co.uk,20004842,CallCenter,Atkinson"
"Aladdin,Direccion1,(482) 484-8929,nec@diam.co.uk,39745283,Operador,Brady"
"Tarik,direccion2,(547) 893-9025,est@Quisque.org,6679634,Supervisor,Pugh"
"Carter,mi casa,(824) 813-1007,id@nuncidenim.co.uk,12166427,Operador2,Zimmerman"
"Baker,envigado,(185) 260-6967,dui@justonecante.ca,16545163,CallCenter,Carpenter"
"Trevor,medellin,(685) 897-0560,nibh@ipsum.co.uk,48941117,Operador,Hoffman"
"Nicholas,bello,(567) 462-8569,amet.ornare.lectus@sem.org,41038950,Supervisor,Holmes"
"Leroy,niquia,(792) 853-5738,in.consectetuer.ipsum@sagittislobortismauris.ca,50024444,Operador2,Shields"
"Travis,la estrella,(644) 265-3336,Donec@ligula.edu,49797874,CallCenter,Parker"
"Erich,Direccion1,(666) 515-7646,convallis.convallis.dolor@risusDuisa.org,41391486,Operador,Newman"
"Myles,direccion2,(424) 955-3662,id.nunc.interdum@habitantmorbitristique.edu,24545967,Supervisor,Clayton"
"Vernon,mi casa,(454) 860-7068,Maecenas@etmagnaPraesent.ca,49726255,Operador2,Joseph"
"Armando,envigado,(964) 783-1490,mattis.Integer.eu@velit.net,34161179,CallCenter,Deleon"
"Harlan,medellin,(871) 146-1935,ac.risus.Morbi@nisiMauris.org,33586556,Operador,Owens"
"Jarrod,bello,(992) 284-0387,Suspendisse.eleifend@erosNamconsequat.com,43529240,Supervisor,Aguirre"
"Abel,niquia,(117) 259-5488,Nulla.semper.tellus@Suspendisse.com,44263233,Operador2,Michael"
"Nathan,la estrella,(285) 274-7907,Cras.eu.tellus@vestibulummassa.edu,11384696,CallCenter,Wynn"
"Bruno,Direccion1,(374) 294-1629,sagittis.lobortis.mauris@blanditenim.co.uk,30010004,Operador,Larson"
